,bpm,ibi,sdnn,sdsd,rmssd,pnn20,pnn50,hr_mad,sd1,sd2,s,sd1/sd2,breathingrate,og_window_index,label,subject
0,87.31808731808732,687.1428571428571,61.996379091106306,20.05996926378267,37.377492198874485,0.6153846153846154,0.23076923076923078,51.0,26.138117442385795,80.47812007403557,6608.486400648548,0.3247853878587139,0.10395010395010394,0,4,sub23
1,90.81081081081082,660.7142857142857,25.510302040628247,8.307692307692308,18.439088914585774,0.38461538461538464,0.0,24.5,12.949149523145568,34.49843491862085,1403.429209917126,0.37535469518230646,0.10810810810810811,1,3,sub23
2,87.34602463605823,686.9230769230769,63.085365288705965,25.059928172283335,37.57658845611187,0.4166666666666667,0.08333333333333333,53.0,26.570399152273026,83.08496320701543,6935.381939999375,0.3197979288510957,0.11198208286674133,2,3,sub23
3,86.73412654286668,691.7692307692307,50.493188948387036,18.006171781426005,30.539591789456953,0.5,0.16666666666666666,33.0,21.522275282444774,67.69498586388148,4577.143796791873,0.31793012448102065,0.11119759813188035,3,3,sub23
4,88.60615699193457,677.1538461538462,31.119734411181682,12.411911841273913,22.13970791737476,0.5,0.0,18.0,15.250683044812561,41.24806392762912,1976.2538848988843,0.3697308817104801,0.3407929115074406,4,3,sub23
5,86.59931164649717,692.8461538461538,58.90519913562045,25.528850781463355,38.886587233475076,0.5,0.16666666666666666,53.0,27.490654977848582,74.42501819504866,6427.674997624294,0.3693738428898023,0.22204951704230044,5,4,sub23
6,85.29250956806999,703.4615384615385,49.70159475016933,14.09762588365699,29.21044333795706,0.5833333333333334,0.08333333333333333,38.0,20.617801774195037,68.35718587764651,4427.681857965773,0.3016186449088049,0.10934937124111536,6,4,sub23
7,87.89369048864707,682.6428571428571,69.90770154063054,23.82132702646465,39.15649076756968,0.6153846153846154,0.23076923076923078,60.0,27.67050423707034,97.33076649502395,8460.910275161317,0.2842934997176355,0.10463534581981793,7,3,sub23
8,84.08796895213455,713.5384615384615,38.7985237320569,19.583687940051878,31.560787907359558,0.5,0.08333333333333333,40.0,21.74752540201094,49.47428484688902,3380.1754615714294,0.4395723044671446,0.10780508840017249,8,3,sub23
9,83.09290248124638,722.0833333333334,34.910500648881495,12.50057849901025,23.662398249313,0.36363636363636365,0.0,23.5,16.52296173398734,47.97451113881478,2490.280843164562,0.3444112580152816,0.23081361800346217,9,3,sub23
10,82.38928939237898,728.25,77.34891186478751,25.32858444687829,45.74335520547815,0.6363636363636364,0.2727272727272727,67.5,32.34026224357915,106.71042921139122,10841.77216798307,0.30306561863333653,0.11442956860052636,10,3,sub23
11,85.50756413067309,701.6923076923077,39.200440765545196,11.368511580482098,28.30047113859885,0.5833333333333334,0.08333333333333333,29.0,19.212535693598014,47.84969958108412,2888.1103007863,0.40151841833492075,0.21925016443762332,11,4,sub23
12,78.80048155849842,761.4166666666666,53.11537494507174,27.934397765342936,46.5061090806163,0.7272727272727273,0.18181818181818182,53.0,32.33681217262461,68.4047265294603,6949.174026676998,0.4727277457749635,0.10944511327569223,12,4,sub23
13,80.17817371937639,748.3333333333334,37.53738876847397,14.76706185070271,31.173998489417137,0.8181818181818182,0.18181818181818182,38.5,21.40383066047171,47.76690994768673,3211.9481551508015,0.4480890784836766,0.11135857461024498,13,4,sub23
14,80.42895442359249,746.0,28.26658805020514,18.821475337610956,27.134345897270627,0.36363636363636365,0.18181818181818182,17.0,19.022387854037184,35.70725786815349,2133.8869380260094,0.5327316906908953,0.11170688114387846,14,4,sub23
15,85.0507033038927,705.4615384615385,47.26132812453195,16.42322204143335,28.806827894326258,0.4166666666666667,0.08333333333333333,35.0,20.188349225343917,64.00325512555331,4059.314907006655,0.31542691361151903,0.10903936321011887,15,4,sub23
16,78.47411444141689,764.5833333333334,54.57328151719993,23.414341864734904,35.464450830758295,0.45454545454545453,0.09090909090909091,32.5,25.063225834999734,75.22890687596136,5923.407233615473,0.33315951109490916,0.108991825613079,16,4,sub23
17,81.54730789336122,735.7692307692307,38.08119634140844,10.499669306961792,27.5,0.6666666666666666,0.0,20.0,17.46772818021215,43.38150367508153,2380.6245018970662,0.40265382018663554,0.10454783063251438,17,4,sub23
18,81.30999435347262,737.9166666666666,57.290863630735714,21.157809257150973,35.67785154558905,0.5454545454545454,0.18181818181818182,56.5,25.222808777862706,79.41651888035877,6292.948338922239,0.31760154100762017,0.1129305477131564,18,4,sub23
19,86.1878453038674,696.1538461538462,63.45664316783687,24.29620455041395,39.517928420739196,0.6666666666666666,0.16666666666666666,66.0,27.934447074057744,77.87775320619131,6834.446775331302,0.35869610927395046,0.22099447513812154,19,4,sub23
20,86.81135225375625,691.1538461538462,39.14243448630645,14.347618850062426,24.817668437358627,0.4166666666666667,0.08333333333333333,30.0,16.783238165900325,49.39927321777562,2604.630907246163,0.3397466616950372,0.11129660545353368,20,4,sub23
21,80.01778172927317,749.8333333333334,69.08549453796763,25.838980099105758,44.091846288071324,0.6363636363636364,0.2727272727272727,56.5,30.96158643724096,88.20913353882023,8579.987085413337,0.3510020470115488,0.11113580795732386,21,4,sub23
22,90.06928406466513,666.1538461538462,20.083847906851968,7.239935542991157,18.01850900231944,0.3333333333333333,0.0,10.0,12.61777846268246,25.62442411277004,1015.7501250277395,0.4924121770367646,0.11547344110854503,22,4,sub23
23,85.58262014483212,701.0769230769231,46.378810709635886,18.58520169979928,31.486769708349993,0.5833333333333334,0.08333333333333333,43.0,22.145588349225072,62.143958095520226,4323.5054081237795,0.3563594760923586,0.1097213078779899,23,4,sub23
24,88.47549909255898,678.1538461538462,61.93277516027563,25.293142461061567,33.797189232242374,0.3333333333333333,0.16666666666666666,65.0,23.589295477209806,86.11158378006475,6381.553580228999,0.2739387018761446,0.22686025408348456,24,4,sub23
25,86.28318584070797,695.3846153846154,53.482618976115766,14.663588692176733,27.912064297241315,0.3333333333333333,0.08333333333333333,33.0,17.434301279693173,68.24799040590457,3738.042951588164,0.25545515957323806,0.11061946902654866,25,4,sub23
26,84.37905668541757,711.0769230769231,38.80218379750838,11.842426084023305,24.472773987978286,0.5,0.0,18.0,17.135388171202244,51.10810302138441,2751.2723354736077,0.335277327042104,0.2163565556036348,26,4,sub23
27,83.14087759815243,721.6666666666666,57.28922722079217,30.851818597026035,44.647101096976456,0.5454545454545454,0.09090909090909091,59.0,31.562348109445498,78.15972203609948,7750.008598905065,0.4038185818376869,0.11547344110854503,27,4,sub23
28,89.6551724137931,669.2307692307693,37.295398450239546,11.196167499044781,24.01908963026423,0.5,0.0,29.0,16.97905163560216,50.111646184627936,2673.0185427622814,0.33882446353978674,0.22988505747126434,28,4,sub23
29,86.95652173913044,690.0,23.86822799648746,13.354930425377239,21.815514357141954,0.4166666666666667,0.0,19.0,15.317360339751028,30.46508703053018,1466.0076110833322,0.5027840663773893,0.11148272017837234,29,5,sub23
30,87.78840742824985,683.4615384615385,34.47990581955588,9.773476010782106,18.113070786957504,0.16666666666666666,0.0,24.0,10.7939991044407,42.77862102343491,1450.6379382434602,0.25232227795579365,0.22509848058525606,30,5,sub23
31,85.27386028205969,703.6153846153846,27.435346268127745,17.81131818691574,25.982365814785485,0.3333333333333333,0.08333333333333333,21.0,18.372212562575157,30.94546053588114,1786.1103392928198,0.5936965307487555,0.10932546190007653,31,3,sub23
32,77.5110345570029,774.0833333333334,55.49092768692514,24.70721111318992,41.95560424153997,0.5454545454545454,0.36363636363636365,34.5,29.313917942232955,64.46922515228128,5937.12497770844,0.45469629692293057,0.21530842932500807,32,4,sub23
33,84.47958410050904,710.2307692307693,71.39290402807642,26.32753100632281,41.309805131469695,0.5833333333333334,0.25,36.0,29.20949236882497,97.53218841888956,8949.975596081335,0.2994856656283929,0.10830715910321671,33,4,sub23
34,81.25493736598578,738.4166666666666,53.31581743618763,15.830716037120176,32.64130122183467,0.45454545454545453,0.09090909090909091,23.0,20.726076520506343,65.35661866487423,4255.558304549813,0.3171228399495754,0.2257081593499605,34,5,sub23
35,81.14504677110335,739.4166666666666,41.13890764498035,12.299297836572919,26.08203840332897,0.6363636363636364,0.0,37.0,18.271596527655195,56.38342761034407,3236.516630047799,0.3240596980716919,0.11270145384875466,35,5,sub23
36,83.50283695535809,718.5384615384615,48.62986639222283,18.907670401189037,31.34485603731496,0.5,0.16666666666666666,43.0,22.050762143543047,61.633887684545044,4269.657513964321,0.35777009972830853,0.21410983834707203,36,5,sub23
37,82.952249282144,723.3076923076923,34.46823423962465,13.870432181042123,24.06588179698942,0.3333333333333333,0.0,15.0,17.016740123902828,47.3504957148755,2531.341674549102,0.35937828880124895,0.2126980750824205,37,5,sub23
38,80.19603475161506,748.1666666666666,55.53952546510358,16.95984562536946,35.33604906658869,0.6363636363636364,0.18181818181818182,54.5,24.98627722544471,78.08842201563918,6129.683824691834,0.31997415981130434,0.11138338159946536,38,5,sub23
39,79.47897118887295,754.9166666666666,34.70460664266665,16.89197569780417,25.08530899296892,0.36363636363636365,0.09090909090909091,26.0,17.46756143482366,46.86158623502634,2571.574657348148,0.3727479762895364,0.2207749199690915,39,5,sub23
40,80.86253369272237,742.0,19.239715867617864,10.258638770396763,18.853502206607278,0.18181818181818182,0.0,15.5,13.055191171672883,21.300874928680106,873.6360584077071,0.6128945977751834,0.11230907457322552,40,5,sub23
41,79.734219269103,752.5,42.51960332207565,16.210903381050425,33.62088095757808,0.7272727272727273,0.09090909090909091,35.5,22.351253038626137,51.29810783809277,3602.077844449713,0.4357130112707319,0.1107419712070875,41,5,sub23
42,85.49819138441303,701.7692307692307,50.45813778409835,20.26268464169763,40.51440073192082,0.6666666666666666,0.25,48.0,28.621269771506174,63.50686205267728,5710.306559884865,0.4506799556206317,0.2192261317549052,42,4,sub23
43,78.78715530619554,761.5454545454545,68.9695105711919,21.3915871313935,36.845623892125914,0.6,0.2,60.0,24.820958885586993,93.98733957294462,7328.88293000985,0.26408832294186996,0.11937447773665989,43,4,sub23
44,78.18978793981755,767.3636363636364,26.09866846924894,19.602040710089344,29.765752132274432,0.4,0.2,22.0,20.52364490045567,28.921963972040377,1864.7995056088089,0.7096214116128633,0.11846937566639022,44,4,sub23
45,81.07195135682919,740.0833333333334,49.95741241853461,11.994489092705921,33.83381847689191,0.8181818181818182,0.0,46.0,23.811935336356218,63.635584410813614,4760.41268855411,0.3741921372581887,0.11259993244004053,45,4,sub23
46,76.76724597505064,781.5833333333334,63.695183404154584,29.577185757867024,45.89315655064291,0.5454545454545454,0.2727272727272727,49.5,32.02039639236165,78.77229449600469,7924.102278876571,0.4064931280373674,0.10662117496534812,46,4,sub23
47,84.55284552845528,709.6153846153846,31.089296851138737,11.032779442290243,22.54994456755936,0.5,0.0,14.0,15.67065552057234,39.71653028372164,1955.2772048971779,0.3945625513766285,0.21680216802168023,47,4,sub23
48,86.33093525179856,695.0,101.04302206333848,28.337622224409255,37.62423864124473,0.5,0.16666666666666666,23.0,23.938216191780967,140.3440588735808,10554.452024176224,0.17056807665327714,0.11068068622025456,48,4,sub23
49,79.24279110719789,757.1666666666666,76.00310666165049,28.884781088185466,44.474711915874174,0.5454545454545454,0.2727272727272727,75.5,31.210959083984406,105.01345840548719,10296.792201009128,0.2972091345041691,0.1100594320933304,49,4,sub23
50,78.26937710620719,766.5833333333334,38.50640278649196,16.6027977329721,27.779979710706645,0.45454545454545453,0.0,32.0,18.791812882342104,49.6540927378583,2931.39000726334,0.3784544605728837,0.10870746820306555,50,4,sub23
51,86.38830435264148,694.5384615384615,31.772303818590622,14.789964690815038,30.858548248418945,0.6666666666666666,0.08333333333333333,23.0,21.733470730649532,38.48714612265589,2627.8142780648845,0.5646942660125137,0.22150847269908075,51,4,sub23
52,80.64516129032258,744.0,51.08000261028445,24.242575757102276,38.99650333975179,0.5454545454545454,0.18181818181818182,45.5,26.583099086163624,63.68063395174286,5318.1779004861455,0.4174440082727235,0.11200716845878135,52,4,sub23
53,87.62075937991463,684.7692307692307,68.84894708557931,18.850287354131588,37.13937712635113,0.6666666666666666,0.16666666666666666,66.0,26.223399220289245,97.27852338060598,8014.119777281913,0.2695702844675097,0.11233430689732643,53,4,sub23
54,87.56384863963308,685.2142857142857,24.163663899773656,10.929575531637774,22.72409768031759,0.46153846153846156,0.0,22.0,15.927721359074173,29.99980276069283,1501.142502760984,0.5309275359617841,0.10424267695194413,54,4,sub23
55,89.90688215776517,667.3571428571429,46.3227915869517,12.733034890189884,24.69039053185236,0.46153846153846156,0.0,34.0,17.405705383053476,64.45860099787731,3524.701767274177,0.2700292143111617,0.3210960077063042,55,4,sub23
56,85.07853403141361,705.2307692307693,60.0296770787376,22.815686611530136,34.84250278036869,0.5,0.16666666666666666,52.0,24.54587541726715,81.73942337289476,6303.183752300622,0.30029420816059604,0.10907504363001744,56,4,sub23
57,89.55223880597015,670.0,24.698178070456937,13.03749712793628,22.35035707854489,0.38461538461538464,0.0,14.5,15.790604651699446,31.790828940650925,1577.0682380307017,0.4967031429466126,0.10660980810234541,57,6,sub23
58,88.23529411764706,680.0,19.086846054487168,12.280291346525763,21.106870919205434,0.3333333333333333,0.0,14.0,14.34350414337832,19.018266073552674,856.9905933376107,0.7541962073674421,0.22624434389140272,58,7,sub23
59,85.97883597883599,697.8461538461538,40.17815356221138,19.70335560817553,30.539591789456953,0.4166666666666667,0.16666666666666666,38.0,21.39282070643742,53.73378308331217,3611.3147510478866,0.398126085283604,0.11022927689594356,59,7,sub23
60,82.40814925031475,728.0833333333334,30.877333470075136,18.916519519821865,28.808142788265453,0.45454545454545453,0.09090909090909091,15.5,20.16399704571254,32.644465947918235,2067.9311058300605,0.61768500296138,0.22891152569531875,60,7,sub23
61,83.69173544112519,716.9166666666666,27.974566822184915,12.449567684750749,24.33478617497631,0.45454545454545453,0.0,18.0,17.19528092095076,37.49765832909156,2025.6448097696339,0.4585694597257094,0.11623852144600721,61,7,sub23
62,83.63340689975607,717.4166666666666,22.958144282343223,17.190714387628713,25.220842751401253,0.2727272727272727,0.09090909090909091,14.0,17.529903612432015,20.266611388934336,1116.1191016024666,0.8649647085059037,0.34847252874898366,62,7,sub23
63,82.10742387957578,730.75,13.435804156556218,9.35259719971759,15.794130094897454,0.2727272727272727,0.0,12.0,11.156290150285415,15.528166889306318,544.2392550105404,0.7184550649032723,0.22807617744326605,63,7,sub23
64,81.17249154453214,739.1666666666666,37.34709567765017,17.307142747508745,27.283028357637214,0.45454545454545453,0.09090909090909091,32.0,19.249127918423593,50.49195991966367,3053.3961951289734,0.3812315455579529,0.11273957158962794,64,7,sub23
65,81.21827411167513,738.75,15.346688024891018,9.409859432821223,13.731185474876323,0.09090909090909091,0.0,10.5,9.62391992437301,19.87086408965201,600.7843712290216,0.4843231719039727,0.22560631697687536,65,7,sub23
66,79.52286282306163,754.5,14.597374193098338,13.134397462168367,22.135943621178654,0.36363636363636365,0.0,9.5,15.63927034293813,12.434622419307459,610.9405647414404,1.257719761450477,0.3313452617627568,66,7,sub23
67,79.33645870897945,756.2727272727273,13.177742316572422,6.6332495807108,12.0,0.1,0.0,11.0,8.48528137423857,16.64031249706564,443.58576287301815,0.5099231986018813,0.24041351123933163,67,7,sub23
68,79.48774563921395,754.8333333333334,20.743807643621157,15.985530647515104,25.532510470165107,0.45454545454545453,0.0,20.0,17.89685784324044,23.454545454545517,1318.7233070588743,0.7630443266497842,0.33119894016339146,68,7,sub23
69,81.29163373602799,738.0833333333334,23.93901394980355,12.119242264178533,21.85073329329122,0.5454545454545454,0.0,22.0,15.450266787394089,31.484483913075785,1528.2078792851817,0.49072637906500527,0.11290504685559445,69,7,sub23
70,80.67226890756302,743.75,24.111287121733394,11.99586705687759,26.912315531606104,0.6363636363636364,0.0,19.0,18.981940090169307,29.382065705528003,1752.1561068502936,0.6460383105942754,0.3361344537815126,70,7,sub23
71,77.39438890680425,775.25,17.40270572832474,13.560394445614815,22.900972587524432,0.36363636363636365,0.0,14.0,16.192284664142612,14.91934237356005,758.9404200126014,1.0853216086010908,0.1074922068150059,71,7,sub23
72,80.51889957503914,745.1666666666666,31.208528036775814,14.896336007430852,26.493566972174413,0.45454545454545453,0.09090909090909091,13.5,16.798514298729756,31.859064644147978,1681.3331165588181,0.5272758157328824,0.22366360993066428,72,5,sub23
73,90.76175040518639,661.0714285714286,33.26187067523904,15.427248620541512,26.870057685088806,0.5384615384615384,0.07692307692307693,20.0,17.500803024686487,35.52805375404481,1953.3464010634111,0.4925910984553734,0.21609940572663425,73,4,sub23
74,80.48289738430583,745.5,78.18194591251017,19.013262009224114,33.54508499426894,0.45454545454545453,0.18181818181818182,77.5,21.05266909522538,106.53812416607703,7046.315466304452,0.19760690607249112,0.111781801922647,74,4,sub23
75,79.17308115240817,757.8333333333334,29.299696623381994,8.967342033205595,25.96150997149434,0.6363636363636364,0.0,16.0,17.378860531934475,32.839580029728225,1792.952421636127,0.529204713221124,0.21992522542335607,75,4,sub23
76,81.72531214528945,734.1666666666666,47.347709084553976,23.72744688198016,41.53530809060911,0.6363636363636364,0.2727272727272727,41.5,29.332660272769086,63.13510372458457,5817.979991265451,0.46460144265743974,0.11350737797956867,76,4,sub23
77,75.11095937179924,798.8181818181819,59.04361743940304,21.954726142678254,33.04693631791002,0.4,0.2,52.0,21.854175802349538,78.94254239635309,5419.951671932035,0.27683648307935843,0.11380448389666552,77,4,sub23
78,79.53164696785596,754.4166666666666,38.31765983923803,13.49380022929416,35.5681164681363,0.7272727272727273,0.09090909090909091,24.0,25.150127745596734,50.17226523037512,3964.1837548875737,0.5012755080942695,0.22092124157737764,78,4,sub23
79,82.12019410227697,730.6363636363636,47.72891772056914,10.780074211247342,26.583829671437485,0.6,0.0,44.0,18.594219531886782,67.67676853987636,3953.3698011269353,0.27475040450447535,0.12442453651860146,79,4,sub23
80,85.26453869698294,703.6923076923077,50.046723731059735,23.194228209238222,37.00450423034111,0.5,0.25,50.0,26.165074261524865,62.946626420943126,5174.21301161054,0.4156707952313616,0.2186270222999563,80,4,sub23
81,79.88461111727504,751.0833333333334,46.718052066507326,21.714526500870903,36.666804407454784,0.5454545454545454,0.18181818181818182,44.5,25.62910922504763,60.69099351810674,4886.609462560336,0.42228851003075707,0.11095084877399312,81,4,sub23
82,82.67090620031797,725.7692307692307,36.359643406379185,20.195399641172408,32.33290377721535,0.4166666666666667,0.16666666666666666,16.0,22.747023614823398,44.14319344788933,3154.5556936082035,0.5153008162328824,0.21197668256491783,82,4,sub23
83,76.73526334147192,781.9090909090909,49.79129998020747,17.152550830707366,33.435011589649555,0.6,0.1,25.0,21.691127218289044,59.440937072021356,4050.5839873885325,0.36491899836651437,0.11626555051738169,83,4,sub23
84,88.10572687224669,681.0,22.118561644708482,9.881239238521092,22.15851980616034,0.4166666666666667,0.0,17.0,15.66445019782054,28.46245089782522,1400.6748264785742,0.5503549309247097,0.22591212018524795,84,4,sub23
85,84.89564909798372,706.75,46.407838777516886,19.097834241800108,32.26030490753726,0.5454545454545454,0.09090909090909091,15.5,21.848842093494248,58.87414788560595,4041.131037315349,0.3711109693841707,0.3537318712415989,85,4,sub23
86,83.22737255808578,720.9166666666666,49.533588491940385,21.107360355028405,30.817645476695212,0.36363636363636365,0.09090909090909091,31.5,20.098517687211174,63.36930977600753,4001.224117255547,0.3171648509073826,0.2311871459946827,86,4,sub23
87,88.14555316984969,680.6923076923077,26.423720740113026,17.428225829256277,26.97066307428623,0.4166666666666667,0.08333333333333333,14.0,18.946104114332083,27.589437894479364,1642.1493189278237,0.6867158434613556,0.11300711944852525,87,4,sub23
88,83.21775312066575,721.0,33.66806293118839,15.219687542419816,23.444971031474246,0.25,0.08333333333333333,23.0,16.563010998406458,43.08905506815699,2242.1059602049168,0.3843902116722583,0.2133788541555532,88,3,sub23
89,78.51690294438386,764.1666666666666,28.26904471128957,17.846915607303544,26.94101300653303,0.36363636363636365,0.09090909090909091,20.5,18.681762884235788,33.34542480419019,1957.0592887784403,0.5602496592542505,0.10905125408942203,89,4,sub23
90,77.34450531743474,775.75,67.71893506742902,29.492119692672862,44.122762626768754,0.5454545454545454,0.18181818181818182,65.5,31.108713668612243,90.95907716664821,8889.513049885782,0.34200779776621143,0.10742292405199268,90,4,sub23
91,75.51127425275301,794.5833333333334,66.72762837752357,20.128923312462796,40.45423901824696,0.8181818181818182,0.18181818181818182,46.0,27.58143464706074,84.61790639483246,7332.110488873101,0.3259526951466281,0.1048767697954903,91,3,sub23
92,74.92337382222726,800.8181818181819,35.67484008199663,21.62868465718616,34.59479729670345,0.6,0.1,23.0,24.460580532767413,36.87817782917155,2833.9102172004864,0.6632806166854179,0.340560790101033,92,3,sub23
93,80.42895442359249,746.0,24.310491562286437,17.057510887757054,29.148522494911532,0.45454545454545453,0.18181818181818182,17.0,20.53237717354457,28.77857904015152,1856.3439749083902,0.7134604229381183,0.22341376228775692,93,3,sub23
94,78.47411444141689,764.5833333333334,20.316078744569673,14.766502184906875,24.569012264158353,0.36363636363636365,0.09090909090909091,14.5,17.371012236358087,24.07838439433432,1314.0211099325086,0.7214359548328131,0.108991825613079,94,3,sub23
95,84.75497120504184,707.9230769230769,33.22061810766954,14.401003051485299,27.41957937921976,0.5833333333333334,0.08333333333333333,27.0,19.327944651318834,44.41502498529573,2696.903809349714,0.4351668080276358,0.21732043898728676,95,3,sub23
96,82.29584300485334,729.0769230769231,45.92211054259582,22.045880189580394,35.83410851874696,0.5833333333333334,0.16666666666666666,26.0,25.308307265928843,61.15494324527933,4862.331211379083,0.4138391096926158,0.21101498206372654,96,3,sub23
97,83.79888268156425,716.0,46.00181155853176,13.384955165908792,24.444742881557467,0.5454545454545454,0.0,41.5,17.13799124173113,64.70869243025282,3483.9540091859667,0.2648483626864127,0.11638733705772811,97,4,sub23
98,81.39271987338911,737.1666666666666,63.885096505801386,25.87669425921951,43.67337445588143,0.6363636363636364,0.2727272727272727,59.0,30.87846075896555,86.05538289740991,8348.021469748315,0.358820793299787,0.11304544426859597,98,4,sub23
99,82.47858728983822,727.4615384615385,59.406831237098785,19.91840996554583,41.6543315074595,0.75,0.3333333333333333,47.0,29.155414496186545,71.67662237050827,6565.179799951883,0.4067632309105946,0.10574177857671566,99,4,sub23
100,75.96685082872928,789.8181818181819,51.09851124288916,12.232742946698423,33.885099970340946,0.8,0.0,43.0,23.283041038489795,65.02307282803544,4756.166675356481,0.3580735272241863,0.1151012891344383,100,4,sub23
101,78.28252876289882,766.4545454545455,33.442932767120105,13.678084661238211,26.67395733669828,0.6,0.1,19.0,18.058377557244725,40.283309198724,2285.3553670204274,0.4482843618472322,0.11860989206499821,101,4,sub23
102,76.29175817824529,786.4545454545455,49.88051839849382,18.5321342537766,33.91164991562634,0.6,0.1,49.0,23.885141824992374,69.49302123235113,5214.574664588089,0.3437056182250587,0.11559357299734135,102,4,sub23
103,79.46142809844388,755.0833333333334,64.70633448297178,27.415384472684746,51.99650337894235,0.7272727272727273,0.45454545454545453,56.0,36.76618101075637,86.83726587014155,10030.083180066122,0.4233917390459686,0.2207261891623441,103,4,sub23
104,79.2983299291121,756.6363636363636,72.40325548591498,18.93700081850344,39.18035221893749,0.7,0.2,59.0,27.106180107126857,102.15940974770753,8699.545570068269,0.26533219185651297,0.12014898474107893,104,4,sub23
105,73.46393588601958,816.7272727272727,42.85088502128559,15.115885683611133,33.68233958619858,0.6,0.1,13.0,23.082569181094204,47.991718035511106,3480.168853551186,0.48096984492229333,0.2226179875333927,105,4,sub23
106,77.30298475413356,776.1666666666666,56.67867519819268,20.763922940229012,40.149719799769464,0.6363636363636364,0.2727272727272727,52.5,28.340899978127865,78.37692357295181,6978.3335296467885,0.36159750454798945,0.10736525660296328,106,4,sub23
107,82.08870140234865,730.9166666666666,60.05755341522182,21.559067429500562,31.9246271424087,0.45454545454545453,0.09090909090909091,60.0,22.159452211506707,83.69632238136447,5826.600858440916,0.2647601660505056,0.11401208528103977,107,4,sub23
108,81.91126279863481,732.5,37.96818843891993,11.12216163067427,26.947760912213433,0.5454545454545454,0.09090909090909091,24.0,18.155435404053073,46.66816211692827,2661.811145414918,0.38903257768249294,0.22753128555176336,108,4,sub23
109,84.25145819831496,712.1538461538462,37.5537484636173,16.602376001310443,30.14962686336267,0.4166666666666667,0.08333333333333333,37.0,21.06207755923216,49.28474521706602,3261.0960931621257,0.4273549039660839,0.1080146899978397,109,4,sub23
110,88.2816605359958,679.6428571428571,42.30941661963537,19.526949970436473,34.89765255495209,0.5384615384615384,0.15384615384615385,22.0,24.459603213239422,51.68360732642594,3971.4774271991414,0.4732565019843956,0.10509721492380451,110,4,sub23
111,80.12463832628534,748.8333333333334,43.693693925884645,18.15725613668605,34.52403642260115,0.5454545454545454,0.09090909090909091,38.0,24.381608025668758,59.2957289446245,4541.879732536428,0.41118658054509155,0.11128421989761851,111,4,sub23
112,79.31738973681047,756.4545454545455,60.33145363341298,23.271441725857898,35.796647887756194,0.5,0.1,66.0,24.67184630302321,81.98609638225253,6354.651415884255,0.3009271985336761,0.12017786323759164,112,3,sub23
113,77.63792495000588,772.8181818181819,42.47955268943183,16.133505508723143,29.66985001647295,0.6,0.1,31.0,20.86492271732632,59.00529637244441,3867.7433600448476,0.35361101460495803,0.11763321962122104,113,3,sub23
114,86.01676224084693,697.5384615384615,23.060506981602135,12.223326970273773,18.9010581714358,0.3333333333333333,0.0,17.0,13.04945188291234,28.75923764636328,1179.0154944756152,0.4537481849614499,0.22055580061755625,114,3,sub23
115,79.8491737828546,751.4166666666666,34.29397015349621,15.796223002889796,30.81174510415852,0.5454545454545454,0.0,26.0,21.62719439016727,44.87945286270988,3049.2821408184154,0.48189523291040826,0.22180326050792948,115,2,sub23
116,79.65482907401261,753.25,28.443291534794866,10.155810940922866,21.223914470581185,0.45454545454545453,0.0,16.5,15.004131662383823,32.96253821567499,1553.750872282933,0.45518738770088907,0.22126341409447947,116,0,sub23
117,78.73154729360306,762.0833333333334,32.20625801852111,23.62307318654496,41.70022890715459,0.5454545454545454,0.2727272727272727,12.5,29.423384189961606,31.10074272983052,2874.8372000126647,0.946066929833799,0.10934937124111536,117,0,sub23
118,80.50089445438282,745.3333333333334,53.656831396901886,21.281660905791423,40.962288643447295,0.6363636363636364,0.2727272727272727,47.5,28.661749209854502,71.84504675899133,6469.182396011112,0.39893841681253434,0.11180679785330946,118,0,sub23
119,79.33010136624063,756.3333333333334,85.67120610540951,30.050920971572058,49.09082491575275,0.7272727272727273,0.45454545454545453,91.0,34.544856454152715,110.98272518395012,12044.496500986997,0.3112633646082828,0.11018069634200088,119,0,sub23
120,81.98588020951946,731.8333333333334,50.95722607137176,13.876074896938778,22.727636360727317,0.45454545454545453,0.0,32.0,12.55829382526356,65.4806134959169,2583.4095007197993,0.19178644112805454,0.11386927806877704,120,0,sub23
121,82.71108558299828,725.4166666666666,93.67181925329635,14.967181729558169,28.904230580566324,0.6363636363636364,0.09090909090909091,92.0,13.837008705545985,127.42202282504562,5539.06653747602,0.10859197177041073,0.11487650775416428,121,0,sub23
122,76.58389417498259,783.4545454545455,73.61245403075318,23.142169301947476,45.52142352782918,0.8,0.2,63.0,32.023741193058626,92.03325485931703,9259.056230090966,0.3479583683312129,0.11603620329542817,122,0,sub23
123,75.57540364136037,793.9090909090909,70.47301810616412,24.412291985800923,47.031904065219386,0.8,0.3,54.0,32.96634647636889,85.69235671867123,8874.885903899298,0.38470579802814503,0.11450818733539447,123,4,sub23
124,79.29515418502203,756.6666666666666,47.082079629326294,18.76386539676991,32.8052102291971,0.5454545454545454,0.09090909090909091,19.5,23.18395712057359,63.77329423709616,4644.899147671685,0.36353707924167045,0.11013215859030837,124,4,sub23
125,79.55801104972376,754.1666666666666,51.48921138344313,25.270765129847845,40.41939228547694,0.45454545454545453,0.2727272727272727,44.5,28.42068854180142,65.09674935708776,5812.243096632151,0.4365915168190647,0.22099447513812154,125,4,sub23
126,76.74269878490726,781.8333333333334,44.41064687161802,16.623193992503268,33.5843578308279,0.7272727272727273,0.18181818181818182,38.0,23.53790682816209,59.543303222761196,4403.019775166903,0.39530737386373993,0.10658708164570455,126,4,sub23
127,80.08008008008008,749.25,66.48449067263734,30.434321643241823,47.558576322448744,0.6363636363636364,0.2727272727272727,33.0,33.59924241570174,89.49878802448242,9447.056485734809,0.37541561352217034,0.11122233344455568,127,4,sub23
128,76.17435463393991,787.6666666666666,47.89803985782949,22.152738017068963,35.13609902287752,0.5454545454545454,0.09090909090909091,26.0,23.855279922174237,60.04832764442789,4500.236175476998,0.39726801491344876,0.21159542953872196,128,4,sub23
129,78.88681932727073,760.5833333333334,52.6679192889013,22.911255309011565,35.619198092142284,0.5454545454545454,0.18181818181818182,45.5,25.174761072179457,68.25704940435405,5398.371162290548,0.36882287312251716,0.10956502684343157,129,4,sub23
130,76.06315546847989,788.8181818181819,86.76700062059432,20.014994379214798,40.31873013873329,0.7,0.2,87.0,24.992398844448683,117.38194068935817,9216.353013773438,0.21291519545233153,0.11524720525527256,130,4,sub23
131,76.59574468085106,783.3333333333334,69.56212251569735,19.05190821444325,37.71182597252244,0.7272727272727273,0.2727272727272727,61.5,26.50183215247611,92.81528799691574,7727.611646525262,0.285533048751158,0.10638297872340426,131,4,sub23
132,79.91120976692564,750.8333333333334,50.4245861548599,13.726369627126319,29.722963268398146,0.5454545454545454,0.0,36.5,19.79210127114533,64.14504483480782,3988.456779126341,0.3085523023971027,0.11098779134295228,132,4,sub23
133,84.94881289479417,706.3076923076923,17.625962561318964,9.61299756695185,17.46663486002193,0.25,0.0,14.0,12.339384776668027,20.151767912518253,781.1897430640892,0.6123226919958132,0.21781746896101067,133,4,sub23
134,91.00758396533044,659.2857142857143,47.48748492487042,21.015069262190753,34.64101615137755,0.6153846153846154,0.07692307692307693,41.0,24.197168400039736,59.921348844441724,4555.0799132556685,0.40381548257294037,0.10834236186348863,134,4,sub23
135,84.242358786046,712.2307692307693,75.68167530077119,24.40286868382486,41.850925915683156,0.6666666666666666,0.16666666666666666,77.0,29.49905836538591,97.19946559066622,9007.86570885147,0.30348992338717773,0.10800302408467437,135,4,sub23
136,79.53164696785596,754.4166666666666,56.65018142561907,24.67340388969735,39.12450987203894,0.5454545454545454,0.18181818181818182,49.0,27.506723445564067,75.56470600345395,6529.918046850184,0.36401548951049684,0.11046062078868882,136,4,sub23
137,81.14856429463171,739.3846153846154,28.861841887858844,11.363929289153857,24.61368183213014,0.5833333333333334,0.0,24.0,16.8794747153656,35.78679148015989,1897.7175015690125,0.4716677303893963,0.10403662089055347,137,4,sub23
138,81.52173913043478,736.0,46.595779494141595,16.987112275812933,37.358216815532884,0.7272727272727273,0.09090909090909091,36.5,26.303065214332364,63.03678579715468,5208.951275761202,0.4172653297865263,0.11322463768115941,138,4,sub23
139,82.78716798896171,724.75,35.36270398786458,13.444099138763168,21.460322796860595,0.36363636363636365,0.0,30.0,14.857727488270287,46.96657858661019,2192.2555848402667,0.3163468137427007,0.1149821777624468,139,4,sub23
140,84.56201214223763,709.5384615384615,19.696213554954337,15.611605369795324,24.07972868064201,0.16666666666666666,0.08333333333333333,17.0,16.968107338965844,22.215485089859683,1184.238228071504,0.763796391135793,0.21682567215958368,140,4,sub23
141,87.34532598523448,686.9285714285714,56.48446598808546,15.853247105466512,28.315529851465445,0.5384615384615384,0.07692307692307693,42.0,19.190265036975102,76.83375583363707,4632.1531382860685,0.24976346436228478,0.2079650618696059,141,4,sub23
142,77.04654895666131,778.75,36.30455664697385,21.939812485543865,31.720369136909774,0.36363636363636365,0.09090909090909091,12.0,22.411626262623983,47.64295582422884,3354.4547823525777,0.4704079726981705,0.1070090957731407,142,4,sub23
143,81.30999435347262,737.9166666666666,26.899375250902924,15.274891621533255,27.308007483653448,0.5454545454545454,0.0,17.0,18.983246201944397,32.21441595064736,1921.191316344747,0.5892779875639161,0.3387916431394692,143,4,sub23
144,76.80670313045502,781.1818181818181,24.549831259624433,21.860695322884858,28.25420322713065,0.3,0.2,15.0,19.978613565510496,28.522710249904392,1790.218371021124,0.7004458338799506,0.2327475852438031,144,4,sub23
145,79.29515418502203,756.6666666666666,54.7894961547274,34.59756834717131,43.22352053307004,0.36363636363636365,0.18181818181818182,62.5,30.561954418054476,74.90567070744532,7191.934002618228,0.4080058843264151,0.11013215859030837,145,4,sub23
146,80.94435075885329,741.25,27.422998255722028,15.528699104167375,24.821178640244085,0.36363636363636365,0.0,19.5,17.371250115593647,35.53289710760303,1939.1507137526617,0.4888779561933523,0.11242270938729623,146,5,sub23
147,80.09789743019245,749.0833333333334,17.187487373732736,7.619027941729805,18.05043439416852,0.2727272727272727,0.0,15.0,12.617055228722275,20.3112149943191,805.0887907320864,0.6211866317328222,0.22249415952831236,147,2,sub23
148,83.42602892102336,719.2,133.91176199273906,33.54008795456565,48.295962564173,0.5,0.25,40.0,31.242999215824334,95.34263867756127,9358.14473483783,0.3276917824928766,0.27808676307007785,148,2,sub23
149,83.62817626246381,717.4615384615385,23.40156268488655,11.619846527959538,25.545710664088666,0.5,0.0,18.0,17.958575017708576,25.533406766648106,1440.5572078642786,0.703336424388389,0.21443122118580465,149,3,sub23
150,79.48774563921395,754.8333333333334,60.33908812333474,17.57251798774871,30.187294136320453,0.45454545454545453,0.09090909090909091,67.0,20.71690330731473,84.20557292956741,5480.441506964797,0.2460276984831289,0.11039964672113049,150,4,sub23
151,75.23939808481532,797.4545454545455,76.54513064064486,34.52767006329851,52.689657429138784,0.6,0.2,51.0,37.160193756222526,104.1408661381304,12157.632959597428,0.3568262405935243,0.11399908800729594,151,4,sub23
152,72.92011932383161,822.8181818181819,52.93704353770049,27.922034309842108,40.54626986542659,0.4,0.2,16.0,24.263552913784082,52.32609291739636,3988.6192021687884,0.4636989226787351,0.11048502927853275,152,4,sub23
153,78.98200965335674,759.6666666666666,44.390940016579464,20.69734681762994,35.40672766066307,0.6363636363636364,0.18181818181818182,42.5,24.717076774924667,58.78079463720969,4564.386709309118,0.42049579165229845,0.10969723562966213,153,4,sub23
154,78.11652381469024,768.0833333333334,76.39094441678861,18.53876884836809,38.16828764587405,0.7272727272727273,0.18181818181818182,72.5,26.482022593849525,106.11116111133971,8827.995258644281,0.24956868171541935,0.10849517196484756,154,4,sub23
155,82.46289169873556,727.6,44.92037399666214,21.17184247013582,32.33848756169308,0.5555555555555556,0.1111111111111111,13.5,22.07339049401416,57.56005988380446,3991.53697017267,0.38348449495315584,0.2748763056624519,155,4,sub23
156,81.2274368231047,738.6666666666666,29.45712515202769,23.56843385505633,32.7414110874898,0.36363636363636365,0.09090909090909091,17.5,22.849489568778534,28.841831420168546,2070.3759285663355,0.7922343500281441,0.11281588447653429,156,4,sub23
157,75.49759780370624,794.7272727272727,49.61321471523656,17.92344832893492,26.485845276298054,0.3,0.2,16.0,14.181149459758188,59.706825405476074,2660.0223605805827,0.23751303747021105,0.11439029970258521,157,4,sub23
158,77.1373473323334,777.8333333333334,42.90072519459574,21.88927810293817,31.293333591561115,0.36363636363636365,0.18181818181818182,25.0,22.12735489638885,55.4250294027664,3852.878433784102,0.3992303682076968,0.10713520462824085,158,4,sub23
159,82.53968253968254,726.9230769230769,49.821931436577266,17.876699608397768,26.02722933134963,0.25,0.16666666666666666,35.0,17.805566389318944,68.46438145326206,3829.7493800297552,0.26007050690254324,0.10582010582010581,159,4,sub23
160,79.76071784646062,752.25,64.26394141870436,20.064771150509394,39.16631205513228,0.7272727272727273,0.18181818181818182,58.0,27.367864366808014,89.69162043836374,7711.567279374572,0.30513290130169146,0.11077877478675084,160,4,sub23
161,83.73590982286635,716.5384615384615,61.998282091107335,19.782673395339334,29.772750404802487,0.5833333333333334,0.08333333333333333,39.0,19.850395322120022,84.32384251602072,5258.591334033285,0.23540667419595634,0.10735373054213634,161,4,sub23
162,83.47602739726028,718.7692307692307,30.764999709094614,11.498792207106893,21.641010450839243,0.4166666666666667,0.0,30.0,14.96802146800527,41.07040026317953,1931.2709391749488,0.3644479082767648,0.21404109589041098,162,4,sub23
163,89.16323731138546,672.9230769230769,38.97822180587422,21.208619840893835,31.903500330423515,0.5833333333333334,0.08333333333333333,36.0,22.557950064469754,48.07488371743031,3406.9655807888244,0.46922526525614894,0.2286236854138089,163,3,sub23
164,82.77618592804839,724.8461538461538,91.32010154804671,69.55733047078662,85.85841057617283,0.5833333333333334,0.25,69.0,57.860464337346386,97.31899152329471,17690.063308711815,0.5945444299378775,0.10612331529236974,164,3,sub23
165,80.6090461262875,744.3333333333334,51.12131540648078,25.162940084954467,34.71049094752452,0.36363636363636365,0.09090909090909091,21.0,23.597695643206805,60.85703338478381,4511.596447034054,0.38775625972440153,0.11195700850873264,165,3,sub23
166,80.38976857490864,746.3636363636364,25.471098513886915,14.393053880257659,24.803225596683994,0.5,0.1,14.0,16.64872367480462,26.31729469379403,1376.486833250266,0.6326153150814021,0.12180267965895249,166,3,sub23
167,79.79607669289594,751.9166666666666,24.706471262044328,14.365937675253091,26.503859067210296,0.6363636363636364,0.0,18.5,18.428777352573984,24.812686704337434,1436.548152102895,0.7427159167472381,0.2216557685913776,167,3,sub23
168,78.86953664147224,760.75,64.05352579418768,26.918917124831637,40.23905836599334,0.5454545454545454,0.18181818181818182,52.0,28.29245146531766,89.30632583815517,7937.846102156399,0.31680232278943465,0.10954102311315589,168,3,sub23
169,81.87400500341141,732.8333333333334,67.93358684937975,29.4873554635102,43.782520380959006,0.6363636363636364,0.09090909090909091,27.5,30.01528536216007,82.41825401597224,7771.6951961461755,0.3641824947704335,0.3411416875142142,169,3,sub23
170,77.10280373831776,778.1818181818181,33.04767405326098,19.09162119884008,28.455227990652265,0.5,0.1,16.0,20.07598067343162,40.907762099630936,2580.075193867323,0.4907621351795419,0.11682242990654206,170,3,sub23
171,80.01778172927317,749.8333333333334,44.416275795653505,15.350989953810258,21.97726097583591,0.36363636363636365,0.0,31.5,11.592602371860519,52.913698643472586,1927.0763963770019,0.2190850889099694,0.22227161591464772,171,3,sub23
172,78.48266841072596,764.5,58.42873151683739,26.85067369147282,40.532814988711195,0.45454545454545453,0.09090909090909091,48.0,28.632178626373538,80.55961295630351,7246.388907018048,0.35541604006841454,0.10900370612600829,172,3,sub23
173,78.28639773839296,766.4166666666666,49.72165580062228,16.13834814941528,34.14541097876977,0.5454545454545454,0.09090909090909091,31.5,23.733541491642942,66.86912096657898,4985.836525522311,0.3549252801379714,0.1087311079699902,173,3,sub23
174,78.73154729360306,762.0833333333334,68.46466038930028,31.62512862156577,54.03870666644251,0.6363636363636364,0.45454545454545453,74.0,37.68826022354555,90.73979691294034,10743.697343763866,0.41534433077589195,0.10934937124111536,174,3,sub23
175,81.64190951355029,734.9166666666666,18.016003688079355,8.831760866327848,14.89966442575134,0.18181818181818182,0.0,16.5,10.38076734054436,23.541242164436206,767.7303421085813,0.4409609003651728,0.2267830819820841,175,3,sub23
176,81.44796380090499,736.6666666666666,63.398650528926,25.635074113280588,38.29906241434876,0.45454545454545453,0.18181818181818182,40.5,26.323166430144585,84.55415400012991,6992.346655612094,0.31131724681562234,0.11312217194570136,176,4,sub23
177,78.28252876289882,766.4545454545455,70.65455481214555,28.820999288713082,43.438462219558374,0.6,0.1,60.0,29.658135477470594,91.40352837828526,8516.412293260584,0.32447473312765984,0.11860989206499821,177,4,sub23
178,84.28939358464059,711.8333333333334,97.29322803886312,15.83645757199987,31.694565063200574,0.6363636363636364,0.18181818181818182,90.0,13.857897470902632,129.37366600102763,5632.3949606826245,0.1071152878267557,0.11706860220088973,178,4,sub23
179,79.97334221926025,750.25,42.3066681111461,16.49993739031447,37.30220563793173,0.8181818181818182,0.2727272727272727,38.5,26.373822483604727,53.943879622811096,4469.563676786017,0.48891223004383433,0.11107408641563923,179,4,sub23
180,85.34850640113798,703.0,41.47288270665544,14.879142747110429,27.113957045526693,0.5,0.08333333333333333,19.0,18.613391236777176,50.59054039815918,2958.3169175185676,0.3679223643449054,0.21884232410548202,180,4,sub23
181,84.20598078376337,712.5384615384615,52.66383284513982,18.747592438023133,31.382054319839124,0.5,0.16666666666666666,45.0,21.781108022014553,72.28156749822182,4946.03748741335,0.3013369628785428,0.10795638562020944,181,4,sub23
182,80.94645080946451,741.2307692307693,29.869340715738932,16.94168921133112,28.76774814498579,0.5,0.08333333333333333,23.0,20.288457994085643,38.395013782174,2447.224098632612,0.5284138744991193,0.103777501037775,182,4,sub23
183,82.81573498964804,724.5,42.19103380261419,15.107329511157081,24.775354322757565,0.36363636363636365,0.0,34.0,17.267463312721947,58.98718168641205,3199.897458110593,0.2927324686322415,0.11502185415228892,183,4,sub23
184,86.22754491017963,695.8333333333334,50.52364682887498,22.404618768208497,35.22524920874488,0.5454545454545454,0.09090909090909091,28.5,24.57657959242518,64.27799901229653,4962.878714534811,0.3823482368784321,0.11976047904191617,184,4,sub23
185,78.93792608539648,760.0909090909091,71.00634356482723,11.657186624567696,24.98599607780326,0.6,0.0,50.0,11.390566272139413,93.55503727752988,3347.8220390141414,0.12175257050402788,0.11960291831120679,185,4,sub23
186,79.77839335180055,752.0833333333334,55.77851786804267,16.571408215596342,33.875440285632514,0.5454545454545454,0.18181818181818182,56.0,23.94932666973926,74.24239950525254,5585.926028919945,0.32258287487118303,0.11080332409972299,186,4,sub23
187,81.9672131147541,732.0,65.67850993031638,29.941816856934633,41.810177099492286,0.45454545454545453,0.18181818181818182,67.5,29.527267129421766,87.07956843984371,8077.73113698837,0.33908375590790607,0.11384335154826958,187,4,sub23
188,82.09806157354618,730.8333333333334,33.8472877626685,14.456546459552158,28.800252524145435,0.6363636363636364,0.09090909090909091,25.0,20.273338759632313,44.656633057509595,2844.2065079836957,0.45398269801316976,0.11402508551881414,188,4,sub23
189,84.50704225352112,710.0,18.773959051343923,11.02616836842649,16.357974609753292,0.3333333333333333,0.0,8.0,11.472642580407436,24.417306590021603,880.0575899229173,0.4698570064683488,0.21668472372697725,189,3,sub23
190,82.96107211231653,723.2307692307693,55.04285581554941,14.186016197493768,23.246863587733003,0.4166666666666667,0.0,57.0,15.497647670963918,76.49916030766467,3724.537267083937,0.20258585334316623,0.21272069772388852,190,3,sub23
191,77.08779443254818,778.3333333333334,14.624940645653538,8.443296524364586,14.450542613278639,0.09090909090909091,0.0,6.5,10.201685163015435,18.844952411851818,603.972040336555,0.5413484173406282,0.21413276231263384,191,3,sub23
192,78.37161206052029,765.5833333333334,45.69547449024781,16.50794949998984,28.16348377210849,0.45454545454545453,0.0,43.0,19.524724736422222,58.019019395110845,3558.813069703417,0.3365228323398298,0.10884946119516709,192,3,sub23
193,76.66915131508891,782.5833333333334,73.62795928782006,24.094510879979584,48.42050654986433,0.8181818181818182,0.45454545454545453,66.0,34.21432207001541,93.53388036887756,10053.719492555405,0.3657960295786026,0.10648493238206794,193,3,sub23
194,74.31595541042675,807.3636363636364,43.231454725534626,19.518196638009364,30.01333037168651,0.4,0.2,42.0,21.210846282032218,59.189526100485004,3944.1437231981677,0.35835472387501366,0.11259993244004053,194,3,sub23
195,77.43600774360077,774.8333333333334,30.309056219039366,12.38834429535139,24.61706725018234,0.45454545454545453,0.0,23.5,17.38979467037164,34.672612861516924,1894.2220914839127,0.5015426653833909,0.21510002151000215,195,3,sub23
196,73.15451119485702,820.1818181818181,39.50792367434477,17.049633427144407,33.726843908080106,0.6,0.1,30.0,23.078669805688538,43.24286068242943,3135.2708365675658,0.5336989607411873,0.22168033695411216,196,3,sub23
197,76.73526334147192,781.9090909090909,20.908695648437956,12.32923355282071,22.398660674245683,0.4,0.0,12.0,15.27890702897298,23.169915839294713,1112.158325404031,0.6594286804901086,0.23253110103476338,197,3,sub23
198,75.25870178739417,797.25,18.407991923799475,12.08509771482463,21.379684494653073,0.45454545454545453,0.0,11.0,15.098026798993981,22.281816327287483,1056.8677714439746,0.6775940783832844,0.3135779241141423,198,1,sub23
199,78.1334780249593,767.9166666666666,23.228783629128944,14.013570754424306,25.019992006393608,0.45454545454545453,0.0,18.0,17.50395468892862,25.013550046932828,1375.5025075719955,0.6997789060763473,0.2170374389582203,199,1,sub23
200,77.03830515728653,778.8333333333334,36.79183182295887,16.95984562536946,27.77834342858414,0.45454545454545453,0.09090909090909091,30.5,19.024994434247294,45.28075868885164,2706.375828793739,0.42015626471672496,0.10699764605178685,200,1,sub23
201,80.16924618639351,748.4166666666666,75.90943983165437,36.71376889460249,53.62835071116769,0.7272727272727273,0.18181818181818182,65.0,37.915521582321716,104.92736566842657,12498.436178888564,0.36135017152852034,0.11134617525887985,201,0,sub23
202,78.8349939778824,761.0833333333334,41.7641359967563,13.874883664168678,31.086389889526195,0.6363636363636364,0.09090909090909091,33.0,21.87247033779417,56.892896330671725,3909.360787824579,0.3844499357295407,0.10949304719150332,202,0,sub23
203,78.14195789016713,767.8333333333334,64.82390676971644,27.763166037571292,41.21010467437237,0.6363636363636364,0.18181818181818182,41.5,28.117962847808585,83.76092503061003,7399.036851619805,0.3356930792912448,0.10853049706967657,203,0,sub23
204,81.69250104733976,734.4615384615385,74.23519317227809,13.21273585934756,28.203132213757158,0.5833333333333334,0.0,72.0,17.541518209981454,101.73131482816225,5606.24029928241,0.17242987805290255,0.10473397570171764,204,4,sub23
205,82.9531314807134,723.3,37.92373926711342,13.386929317181362,24.81039208790453,0.5555555555555556,0.0,26.5,15.524572318715009,47.60252094164762,2321.6645507675303,0.3261292051684705,0.13825521913452232,205,4,sub23
206,77.46100053792361,774.5833333333334,42.427307113330784,16.582376386138694,27.115912805449263,0.45454545454545453,0.0,36.5,17.822355726344473,54.61858733658928,3058.1264831374183,0.3263056881444677,0.10758472296933835,206,4,sub23
207,80.63612946578564,744.0833333333334,66.80376527977712,30.781018085504666,47.92038852475673,0.6363636363636364,0.36363636363636365,51.5,33.81427152368783,81.68919124916188,8677.897273522654,0.4139381355918952,0.11199462425803561,207,4,sub23
208,76.68177065179505,782.4545454545455,71.87661604363618,31.68611683371757,49.247334953274375,0.6,0.4,81.0,34.79719816307054,90.94572557300313,9942.06140685421,0.38261499310529384,0.11618450098756827,208,4,sub23
209,76.46559048428207,784.6666666666666,30.711923128033224,16.320650610917333,29.023501449060834,0.45454545454545453,0.09090909090909091,15.5,19.489984713494042,31.222607829414596,1911.747563377119,0.6242266763871231,0.21240441801189464,209,4,sub23
210,82.82526170481998,724.4166666666666,53.72686840761231,21.790133486405534,31.029311655565,0.36363636363636365,0.09090909090909091,42.5,20.918179842756018,70.59089445647568,4638.979464963793,0.29632971793059754,0.11503508570113885,210,4,sub23
211,80.02910149145143,749.7272727272727,25.502552132860277,16.201543136380558,25.816661286851172,0.5,0.1,12.0,17.629662503859794,26.747803648150224,1481.4329416213125,0.6591069209183086,0.12125621438098702,211,4,sub23
212,80.0,750.0,33.49626844888845,21.996994535505106,34.335245607234135,0.36363636363636365,0.18181818181818182,28.5,24.201973828390166,42.40049118692567,3223.825657191036,0.5707946571112583,0.1111111111111111,212,4,sub23
213,78.06570530196248,768.5833333333334,90.44377473817029,26.293323163404178,41.83952024755368,0.45454545454545453,0.18181818181818182,68.5,28.454690676364823,126.80257316783232,11335.268406883442,0.22440152408187328,0.10842459069717011,213,4,sub23
214,77.1373473323334,777.8333333333334,30.113212308811484,15.760081385870322,28.106938645110393,0.36363636363636365,0.0,24.0,19.840896074139224,37.41690518186175,2332.2710332050156,0.5302655571780777,0.2142704092564817,214,4,sub23
215,78.98200965335674,759.6666666666666,46.08024401941562,16.3176120437372,28.126338351995077,0.6363636363636364,0.09090909090909091,43.5,19.837980102456363,64.91450193896176,4045.6569328243686,0.30560166850097303,0.10969723562966213,215,4,sub23
216,82.26691042047531,729.3333333333334,19.25414818220277,12.490657665856503,19.729995622724484,0.36363636363636365,0.0,15.5,13.903147868779826,23.8603027974663,1042.1709547390356,0.5826894984021823,0.22851919561243142,216,4,sub23
217,80.03557136505114,749.6666666666666,26.54346540215794,13.185892787181357,27.702969975339204,0.5454545454545454,0.0,26.0,19.578407738801868,32.06643413831832,1972.3224113967271,0.6105576832880936,0.11116051578479323,217,4,sub23
218,79.12087912087912,758.3333333333334,16.69497595752154,11.171096115858644,18.268203872501335,0.36363636363636365,0.0,12.0,12.913571565547324,20.75715549231712,842.1008098770158,0.6221262624508953,0.10989010989010989,218,4,sub23
219,79.19049714034317,757.6666666666666,22.595476440109767,9.257563358618885,18.093193094742464,0.2727272727272727,0.0,14.0,12.295601578687323,27.46462788977789,1060.897372960103,0.44768862800663123,0.10998680158380994,219,4,sub23
220,82.29584300485334,729.0769230769231,14.31761442560305,11.721300648344828,17.752934029806642,0.16666666666666666,0.0,6.0,12.473304828045105,12.949688970953865,507.44706644083703,0.9632126961522174,0.21101498206372654,220,4,sub23
221,78.19287576020851,767.3333333333334,29.0268075329609,11.357452863084667,23.794575394022438,0.5454545454545454,0.0,25.5,16.813021321297764,39.05368206257416,2062.8023749602285,0.4305105289267969,0.3258036490008688,221,4,sub23
222,76.81638749599914,781.0833333333334,43.05124530396562,17.933301586298153,30.91483903770603,0.5454545454545454,0.09090909090909091,44.5,21.852435233168745,59.61619670098813,4092.7383465054686,0.36655198490390356,0.2133788541555532,222,4,sub23
223,78.9300591975444,760.1666666666666,24.538518473797247,14.75418416630425,21.498414317847217,0.36363636363636365,0.0,24.0,15.109517552230347,30.748782143457102,1459.5816330945331,0.491385885845415,0.32887524665643497,223,4,sub23
224,83.9431769263883,714.7692307692307,28.06627827716673,16.535105751770146,32.877297131404625,0.5833333333333334,0.16666666666666666,14.0,22.889453539421453,31.079814367384998,2234.928910016144,0.7364733028599274,0.1076194575979337,224,4,sub23
225,79.17308115240817,757.8333333333334,33.28621670034344,18.33931783116255,29.274562336608895,0.45454545454545453,0.09090909090909091,22.0,19.655714371093623,36.30222086414852,2241.6711365667747,0.541446608587666,0.3298878381350341,225,4,sub23
226,78.03186301072938,768.9166666666666,20.00607546610668,6.965084112501074,19.131126469708992,0.45454545454545453,0.0,17.5,12.927323871526497,22.4953622401163,913.5903278774755,0.5746661793457594,0.32513276254470574,226,4,sub23
227,76.08946276227807,788.5454545454545,60.92075871962862,22.154232101339012,39.16758864163072,0.6,0.3,60.0,27.680408233983833,83.20459722875897,7235.51896502023,0.3326788321308805,0.11528706479133043,227,4,sub23
228,78.97334649555775,759.75,45.744079762668015,15.599321875492107,29.08295345762156,0.45454545454545453,0.09090909090909091,14.0,16.544955037414958,49.926392099761976,2595.0495046640344,0.33138695470634333,0.10968520346605241,228,6,sub23
229,75.42857142857143,795.4545454545455,48.812002317544135,27.202205792913194,37.49133233162033,0.4,0.2,36.0,26.500943379434627,63.212973351994755,5262.806781564013,0.4192326665582859,0.11428571428571428,229,7,sub23
230,77.06679121905653,778.5454545454545,22.888518901856912,14.256577429383253,30.97579700346708,0.7,0.1,23.0,21.889380987136207,23.660621293617815,1627.0822125496452,0.925139738111637,0.3503035964502569,230,7,sub23
231,76.35354002776492,785.8181818181819,16.964230721342542,12.474373731775076,18.976301009416982,0.3,0.0,10.0,13.41659420270286,20.187248450445153,850.8818993211557,0.6646073750782518,0.23137436372049977,231,7,sub23
232,76.64466680860123,782.8333333333334,31.913511593402287,20.32057134616817,30.14962686336267,0.45454545454545453,0.18181818181818182,23.5,21.311154104275964,41.86025551445592,2802.584509102708,0.5091023416452014,0.3193527783691718,232,7,sub23
233,77.65314926660915,772.6666666666666,47.27989941707669,24.136320835435427,44.40515940539097,0.8181818181818182,0.18181818181818182,31.0,31.293729733944417,58.087779116132765,5710.734537022013,0.5387317299802427,0.1078515962036238,233,4,sub23
234,74.34944237918215,807.0,29.048548704163895,22.548835890129673,31.854356060043028,0.6,0.1,25.0,22.27790385112567,34.53034897014511,2416.713484854001,0.6451688012301038,0.1126506702714881,234,4,sub23
235,73.73477823706848,813.7272727272727,90.13130916924474,34.04173908601028,52.9830161466861,0.7,0.2,87.0,36.763840931001745,119.78530794717689,13834.84521966231,0.3069144418547049,0.11171936096525527,235,4,sub23
236,75.30807850296668,796.7272727272727,36.61616858237481,15.769908052997646,32.048400896144564,0.6,0.1,27.0,21.728897809138868,44.43000112536575,3032.9405275071194,0.4890591325403662,0.11410314924691922,236,4,sub23
237,83.1822544523835,721.3076923076923,40.90398629320322,23.23954364631304,40.42998062494383,0.6666666666666666,0.16666666666666666,37.0,28.486046779276183,50.65991594281747,4533.6346686639135,0.5622995271336394,0.31993174789378265,237,4,sub23
238,85.21796132415601,704.0769230769231,38.71088405576264,18.585388526115526,31.55418619877031,0.5,0.08333333333333333,35.0,21.94943684420577,49.90602279395856,3441.3291669772484,0.43981538931334935,0.32776138970829233,238,4,sub23
239,75.0853242320819,799.0909090909091,38.127667228201396,19.782820830205182,34.44706083252967,0.6,0.2,25.0,24.05659992600783,48.17239873620576,3640.679018068274,0.4993855518331745,0.22753128555176336,239,4,sub23
240,73.94957983193277,811.3636363636364,34.52870407296917,16.746342884343434,32.112302938282085,0.6,0.2,30.0,22.45172599155798,44.29808122255412,3124.5287210033603,0.5068329230505544,0.11204481792717086,240,4,sub23
241,78.84362680683311,761.0,33.04542328371661,8.229155987369714,22.47018226248045,0.5454545454545454,0.0,26.0,15.69992367197322,45.06588381800052,2222.773991204584,0.3483771390211202,0.10950503723171266,241,4,sub23
242,80.89887640449439,741.6666666666666,54.78797516081629,22.978610247915775,34.90376379808813,0.45454545454545453,0.18181818181818182,58.5,24.676585750413704,74.54362525471711,5778.903642605127,0.33103549319064235,0.11235955056179775,242,4,sub23
243,78.3196867212531,766.0909090909091,35.81125913720063,10.584894897919392,22.27554713132766,0.5,0.0,24.0,14.856648343418511,43.73876998727789,2041.4431121358798,0.3396677215143407,0.23733238400379733,243,4,sub23
244,75.29948659440957,796.8181818181819,61.095779026672815,25.05114767830009,37.72002120890178,0.5,0.2,43.0,24.8229732304573,77.56403805888397,6048.728374305496,0.3200319871383249,0.11409013120365087,244,4,sub23
